"0","source(""../helpers/imports/markdown.R"")"
"0","source(""../helpers/imports/opening-hours.R"")"
"0",""
"0","CSV2MD(input  = inputCSV, "
"0","       output = ""../outputs/arrete-cassis.md"")"
"2","Conversion automatique de LHS en liste"
"2","Conversion automatique de LHS en liste"
"2","Conversion automatique de LHS en liste"
"2","Conversion automatique de LHS en liste"
"2","Conversion automatique de LHS en liste"
"2","Conversion automatique de LHS en liste"
"2","Conversion automatique de LHS en liste"
"2","Conversion automatique de LHS en liste"
"2","Conversion automatique de LHS en liste"
"2","Conversion automatique de LHS en liste"
"2","Conversion automatique de LHS en liste"
"2","Conversion automatique de LHS en liste"
"2","Conversion automatique de LHS en liste"
"2","Conversion automatique de LHS en liste"
"2","Conversion automatique de LHS en liste"
"2","Conversion automatique de LHS en liste"
"2","Conversion automatique de LHS en liste"
"2","Conversion automatique de LHS en liste"
"2","Conversion automatique de LHS en liste"
"2","Conversion automatique de LHS en liste"
"2","Conversion automatique de LHS en liste"
"2","Conversion automatique de LHS en liste"
"2","Conversion automatique de LHS en liste"
"2","Conversion automatique de LHS en liste"
"2","Conversion automatique de LHS en liste"
"2","Conversion automatique de LHS en liste"
"2","Conversion automatique de LHS en liste"
"2","Conversion automatique de LHS en liste"
"2","Conversion automatique de LHS en liste"
"2","Conversion automatique de LHS en liste"
"2","Conversion automatique de LHS en liste"
"2","Conversion automatique de LHS en liste"
"2","Conversion automatique de LHS en liste"
"2","Conversion automatique de LHS en liste"
"2","Conversion automatique de LHS en liste"
"2","Conversion automatique de LHS en liste"
"2","Conversion automatique de LHS en liste"
"2","Conversion automatique de LHS en liste"
"2","Conversion automatique de LHS en liste"
"2","Conversion automatique de LHS en liste"
"2","Conversion automatique de LHS en liste"
"2","Conversion automatique de LHS en liste"
"2","Conversion automatique de LHS en liste"
"2","Conversion automatique de LHS en liste"
"2","Conversion automatique de LHS en liste"
"2","Conversion automatique de LHS en liste"
"2","Conversion automatique de LHS en liste"
"2","Conversion automatique de LHS en liste"
"2","Conversion automatique de LHS en liste"
"2","Conversion automatique de LHS en liste"
"2","Conversion automatique de LHS en liste"
"2","Conversion automatique de LHS en liste"
"2","Conversion automatique de LHS en liste"
"2","Conversion automatique de LHS en liste"
"2","Conversion automatique de LHS en liste"
"2","Conversion automatique de LHS en liste"
"2","Conversion automatique de LHS en liste"
"2","Conversion automatique de LHS en liste"
"2","Conversion automatique de LHS en liste"
"2","Conversion automatique de LHS en liste"
"2","Conversion automatique de LHS en liste"
"2","Conversion automatique de LHS en liste"
"2","Conversion automatique de LHS en liste"
"2","Conversion automatique de LHS en liste"
"2","Conversion automatique de LHS en liste"
"2","Conversion automatique de LHS en liste"
"2","Conversion automatique de LHS en liste"
"2","Conversion automatique de LHS en liste"
"2","Conversion automatique de LHS en liste"
"2","Conversion automatique de LHS en liste"
"2","Conversion automatique de LHS en liste"
"2","Conversion automatique de LHS en liste"
"2","Conversion automatique de LHS en liste"
"2","Conversion automatique de LHS en liste"
"2","Conversion automatique de LHS en liste"
"2","Conversion automatique de LHS en liste"
"2","Conversion automatique de LHS en liste"
"2","Conversion automatique de LHS en liste"
